path,kind,lines,whitespace_tokens,review_method,finding_ids,flagged_locations,sha256
src/content/c1/c1.1.mdx,lesson,810,14474,full-file pattern screen; contextual review of selected candidates and openings,AS-007;AS-008;AS-009;AS-010,4,2904e5f2a30db25a7f8d4ee50f0954885179b0566c0949c9ecc230a7440557dc
src/content/c1/c1.1.quiz.mdx,quiz,842,9830,full-file pattern screen; contextual review of selected candidates and openings,AS-002;AS-003,2,bba8e8b209ddc7562458b2edbdc81a6666f70a549f4b1f5c81f0ff9f3154090e
src/content/c1/c1.2.mdx,lesson,764,12436,full-file pattern screen; contextual review of selected candidates and openings,AS-010;AS-011;AS-012;AS-013,4,3198eb7c3a217026c6fe7dda49dce17c7f3a709f36a1156f375390e5c345fab6
src/content/c1/c1.2.quiz.mdx,quiz,962,9844,full-file pattern screen; contextual review of selected candidates and openings,AS-002;AS-003,2,0c4b82d8f3e082f29772c4e9be14eba27e32ee1cc1f577f482096dac3337b7f7
src/content/c1/c1.3.mdx,lesson,623,10022,full-file pattern screen; contextual review of selected candidates and openings,AS-001,2,bee04bf1ea09ae5dbb4a1ccb54bf2a63f4a6d83f6673d0c61eb0dc012c7a896e
src/content/c1/c1.3.quiz.mdx,quiz,497,6634,full-file pattern screen; contextual review of selected candidates and openings,AS-001;AS-002;AS-003,3,2def30f1a282394ce1f718e8a27d8e061aabede3ebfa815c8de76adc19a66675
src/content/c1/c1.4.mdx,lesson,318,7588,full-file pattern screen; contextual review of selected candidates and openings,,0,751ceeec8b37a0d0faf8a71945d3f8f49e34d7a75d7477df5175fe951fcf3ac0
src/content/c1/c1.4.quiz.mdx,quiz,460,7082,full-file pattern screen; contextual review of selected candidates and openings,AS-002,1,dfb66c0b7fb7984977e94eb1d9a19017193428a8c2e27c10692747590fa6f464
src/content/c1/c1.5.mdx,lesson,611,9980,full-file pattern screen; contextual review of selected candidates and openings,AS-014,2,8a91c322405fcad98899ac0fb9ad34af4f6fef4e7a3ca83c46869b38e8f11745
src/content/c1/c1.5.quiz.mdx,quiz,542,9105,full-file pattern screen; contextual review of selected candidates and openings,AS-002;AS-003,2,ec38a9577ae2d5e7557c58d5d62da8aaadbc26cc4519653770cbd6d7aefa7b77
src/content/c1/c1.6.mdx,lesson,378,8253,full-file pattern screen; contextual review of selected candidates and openings,AS-015;AS-016,2,becf782ced1aafb9418234cb9a763f8a2e05cd85d47ad2b5b6e8d4f0d6dd215e
src/content/c1/c1.6.quiz.mdx,quiz,355,4505,full-file pattern screen; contextual review of selected candidates and openings,AS-002;AS-003,2,e61c53a94d91ff4bf4972079be1fb4fa83eb42ddc73ac7f03c17027a3c021c55
src/content/c1/c1.7.mdx,lesson,248,6364,full-file pattern screen; contextual review of selected candidates and openings,AS-017,1,3331895bcd88495646fb8aa5da8e4431d885b694fe7c268cbcc0874690b99a8a
src/content/c1/c1.7.quiz.mdx,quiz,338,3647,full-file pattern screen; contextual review of selected candidates and openings,AS-002;AS-003,2,850c93f952bcf28b706ef6bd58575b72eeaec9257090c0d0b527d8543d79e173
src/content/c1/c1.8.mdx,lesson,450,8571,full-file pattern screen; contextual review of selected candidates and openings,AS-001,1,f1b0e17ed0c18fbde44c793d439409df78e2a7cb3125ae5229e406cfb5b61b4a
src/content/c1/c1.8.quiz.mdx,quiz,656,7350,full-file pattern screen; contextual review of selected candidates and openings,AS-001;AS-002;AS-003,3,57693f0b075dc282c48ab6e94e1096dc4297117da57c698af674ca5ca844e0e3
src/content/c1/c1.9.mdx,lesson,384,7657,full-file pattern screen; contextual review of selected candidates and openings,,0,fa9974eaa2da82a09e41494846aefb77047ba5212b79db5fe7b669a51d5e35fa
src/content/c1/c1.9.quiz.mdx,quiz,647,7063,full-file pattern screen; contextual review of selected candidates and openings,AS-002;AS-003,2,b706edae92a2f89e9ab85224501104d219427994c7ba997f5184cf5a6e32dc43
src/content/c10/c10.1.mdx,lesson,247,4705,full-file pattern screen; contextual review of selected candidates and openings,AS-059,1,0779c6ee8f2329a1b83d5d67f786c1a74a83920519e59c0b18bcccc69cacf9ae
src/content/c10/c10.1.quiz.mdx,quiz,400,7073,full-file pattern screen; contextual review of selected candidates and openings,AS-002;AS-060,2,e93d735393ef628bd6ebd7a8051211de29c59c3318f4f4c4e83f8ec5e0bb229a
src/content/c10/c10.2.mdx,lesson,232,4601,full-file pattern screen; contextual review of selected candidates and openings,,0,8dfd51d25c6740a597af03c11363c43933317aee59e01c005e45b9859f45b232
src/content/c10/c10.2.quiz.mdx,quiz,441,8018,full-file pattern screen; contextual review of selected candidates and openings,AS-002;AS-061;AS-062,3,7057e608fbdc25f57ee75515b87351b124682c1bfe8456cc2ceaea4efc4641b6
src/content/c10/c10.3.mdx,lesson,236,4613,full-file pattern screen; contextual review of selected candidates and openings,AS-063;AS-064,2,0a4df2e0abb2da7c78f7194337846c8164f22f4955221971ea7d6a18638a4ee2
src/content/c10/c10.3.quiz.mdx,quiz,458,8235,full-file pattern screen; contextual review of selected candidates and openings,AS-002,1,978f8b69f418865c99a7e8f6275c38e0e125d25e9c661468af7378a5de93d51d
src/content/c2/c2.1.mdx,lesson,192,4037,full-file pattern screen; contextual review of selected candidates and openings,AS-018,1,014048fff14a5b3c1ac33fbfd714c5682cc861eb91c7d253043f8bf5d75b6233
src/content/c2/c2.1.quiz.mdx,quiz,352,4994,full-file pattern screen; contextual review of selected candidates and openings,AS-002,1,03dcdf2738c1b6a38c24e02a0528b8642662488e4c7b11338abe3cc348848991
src/content/c2/c2.2.mdx,lesson,244,4725,full-file pattern screen; contextual review of selected candidates and openings,AS-019,2,81265b54c69e6ba75fe7058f8e214de48742ead3dfbee664ec7ca688c38a29fc
src/content/c2/c2.2.quiz.mdx,quiz,436,6263,full-file pattern screen; contextual review of selected candidates and openings,AS-002;AS-019,2,f87eb5f744f4bb561b9536bc3b09d30a0c95e9dc83a105f41c330bff1cc774a1
src/content/c2/c2.3.mdx,lesson,135,3362,full-file pattern screen; contextual review of selected candidates and openings,AS-019;AS-020,2,b870d1e036b64260de9d801cceefc32adf274785823efabf84ce17cf6d6e0e3e
src/content/c2/c2.3.quiz.mdx,quiz,385,6896,full-file pattern screen; contextual review of selected candidates and openings,AS-002;AS-019;AS-021;AS-022;AS-023,4,cc0af4a26b3fef3101d8251c61e2eaf39aa90fb4ad34f048cd452235086ae145
src/content/c3/c3.1.mdx,lesson,255,4087,full-file pattern screen; contextual review of selected candidates and openings,AS-006,1,b9788220a628c3bd017dc4c4654fd20022cddd525f648c6ef2e87c2aa9b72b4d
src/content/c3/c3.1.quiz.mdx,quiz,379,5257,full-file pattern screen; contextual review of selected candidates and openings,AS-004;AS-005,2,1523bc19f647a18dabbe2834d4492bcc0934a7cd7683ce9119181b16c5c01c18
src/content/c3/c3.2.mdx,lesson,267,4954,full-file pattern screen; contextual review of selected candidates and openings,AS-006,1,bc5af5fd5e2a1a155f48f7274ab5931966ab49d464fd5e5f9163d9d2f0d0f2df
src/content/c3/c3.2.quiz.mdx,quiz,373,5499,full-file pattern screen; contextual review of selected candidates and openings,AS-004;AS-005;AS-024;AS-025,5,04bc4e2221e91a32de2a75c06c194e0775a652d9fe8ae824cddbb4cdc9c3f9a2
src/content/c3/c3.3.mdx,lesson,376,8458,full-file pattern screen; contextual review of selected candidates and openings,AS-006;AS-026;AS-027,3,3fbd3ead4595d674871f92bb6ea472fc21563e148ebd3609c086d93265f8de4e
src/content/c3/c3.3.quiz.mdx,quiz,383,5650,full-file pattern screen; contextual review of selected candidates and openings,AS-004;AS-005;AS-027;AS-028,5,ca1d603b5c54a79b2e84f8c21a3fcf465d0c6222bf4dc499d62220a5d6e2f3c0
src/content/c4/c4.1.mdx,lesson,233,4153,full-file pattern screen; contextual review of selected candidates and openings,AS-006,1,08f0e961fe9b03620eff35a094d86af4dfc52d2fb6eeb4c39108d125f4249c86
src/content/c4/c4.1.quiz.mdx,quiz,486,6676,full-file pattern screen; contextual review of selected candidates and openings,AS-004;AS-005;AS-029;AS-030,4,6ecdb507a7c345d1b632870e13114e923c9b0bd865d5fb8e09e92821f29eb56f
src/content/c4/c4.2.mdx,lesson,295,5313,full-file pattern screen; contextual review of selected candidates and openings,AS-006;AS-032,2,eb8adc564dd0b45a45a6cb2486567e3ef13560c64874798ffbcfbff431cfdac9
src/content/c4/c4.2.quiz.mdx,quiz,528,7075,full-file pattern screen; contextual review of selected candidates and openings,AS-004;AS-005;AS-031;AS-032;AS-033,7,0da3eaad61b92a91c70863c3201bc0bf924d5b0ecbc647c8e4e189ce8f1007ab
src/content/c5/c5.1.mdx,lesson,276,6876,full-file pattern screen; contextual review of selected candidates and openings,AS-006;AS-034,2,89cd34806c53891dff2e0d2e21fa417c3f2360ae1df32e96f8728c8f69ac2b15
src/content/c5/c5.1.quiz.mdx,quiz,380,5579,full-file pattern screen; contextual review of selected candidates and openings,AS-004;AS-005;AS-035;AS-036;AS-037,5,a0a4d81e2450b7a83239abd82a2b8c3b5b43b165bc1a0aee307961524cb1ba8f
src/content/c5/c5.2.mdx,lesson,381,7897,full-file pattern screen; contextual review of selected candidates and openings,AS-006;AS-038,2,830f738c47cefb2de33cf69fec5f0d8b90123ca1ed0bdb450e13b3a40df97d64
src/content/c5/c5.2.quiz.mdx,quiz,417,6991,full-file pattern screen; contextual review of selected candidates and openings,AS-004;AS-005;AS-039,3,38c60bd5e2898714ad68715b252ada5bd47f6b970906903586d56829040b69d2
src/content/c6/c6.1.mdx,lesson,185,3691,full-file pattern screen; contextual review of selected candidates and openings,AS-039;AS-042,3,7fe452ff1faae70e093f6efb57c358315ab27ea9bd2a4f9b42dae73d924cd802
src/content/c6/c6.1.quiz.mdx,quiz,195,2302,full-file pattern screen; contextual review of selected candidates and openings,AS-002,1,ea4bfee83cce34548d606089f44c5aee0ac151e0ccd00b5768b85a1927b89e0c
src/content/c6/c6.2.mdx,lesson,208,3874,full-file pattern screen; contextual review of selected candidates and openings,AS-039;AS-040;AS-041;AS-043,7,5ffca017f2b5a20024b31cff93f301ccb2156920056c318c684a7c8c515af124
src/content/c6/c6.2.quiz.mdx,quiz,215,2364,full-file pattern screen; contextual review of selected candidates and openings,AS-002,1,b7135919f9b506a483743a10c247f558c3669bf90e3c7d6eda2cd6a6f80148f8
src/content/c6/c6.3.mdx,lesson,312,6954,full-file pattern screen; contextual review of selected candidates and openings,AS-044;AS-045;AS-046,3,41739803bb7e1e9f562ec23e8e6e7a7acd261774af1abf227eeffd7be1c15bcc
src/content/c6/c6.3.quiz.mdx,quiz,218,2931,full-file pattern screen; contextual review of selected candidates and openings,AS-002,1,05b97714e539dda848f74eabaf52cd3ad795e6f7c39ff0c76dec07c116ad25f1
src/content/c7/c7.1.mdx,lesson,274,4178,full-file pattern screen; contextual review of selected candidates and openings,AS-047,1,8d4705e7d15680a9290a279f90623302fc5cbacc8b0409e0250011a61be90cd5
src/content/c7/c7.1.quiz.mdx,quiz,308,4241,full-file pattern screen; contextual review of selected candidates and openings,AS-002;AS-049,2,597f13881f5791234015de2dec394b18d053deee72a40c3ac36fa54a79438ce9
src/content/c7/c7.2.mdx,lesson,179,3413,full-file pattern screen; contextual review of selected candidates and openings,AS-048,1,36416a1c7ec50fb5d11012e5e88ad5ad15c214444db1b0b6eb3395be62074dad
src/content/c7/c7.2.quiz.mdx,quiz,322,5135,full-file pattern screen; contextual review of selected candidates and openings,AS-002;AS-050,2,3a2190b8dd0a47f6e42a1fbc041c4ef0357d9705e60cb2653c5aec2e6f615958
src/content/c8/c8.1.mdx,lesson,282,4798,full-file pattern screen; contextual review of selected candidates and openings,,0,4dc7e9d127e315b7f29aa912ebe81a8727d27872ff21576aa3ec16a2c527db99
src/content/c8/c8.1.quiz.mdx,quiz,432,6792,full-file pattern screen; contextual review of selected candidates and openings,AS-002;AS-051,2,3ae7da5d9840366b5a325a2b664ea6d2e38bd0afc181b2750c2b6b65bd93440a
src/content/c8/c8.2.mdx,lesson,316,4687,full-file pattern screen; contextual review of selected candidates and openings,,0,4b113709c57462fdd7f20fd2a8359e4f09dcf7db2c64c2db11af11143844f0ce
src/content/c8/c8.2.quiz.mdx,quiz,330,5637,full-file pattern screen; contextual review of selected candidates and openings,AS-002,1,b700f048ad2f89789ae248bf7b4e1f0fe7cc90d87cc44cbefd551997a105ed3d
src/content/c8/c8.3.mdx,lesson,364,8604,full-file pattern screen; contextual review of selected candidates and openings,AS-052;AS-054,2,223d1010578b2c620530c6acdf70cdc2bc29df3f7b70762926f20e630e4ae50e
src/content/c8/c8.3.quiz.mdx,quiz,333,6261,full-file pattern screen; contextual review of selected candidates and openings,AS-002;AS-053,2,3e96422d00d5601325591191e9d0ef4dab619cd455e666d746f6df06237469a1
src/content/c9/c9.1.mdx,lesson,284,4164,full-file pattern screen; contextual review of selected candidates and openings,,0,047849d8362e208fd25d5b6ab64efd260b27a7fe548c5e7e80dd4c0775764583
src/content/c9/c9.1.quiz.mdx,quiz,428,5645,full-file pattern screen; contextual review of selected candidates and openings,AS-002;AS-055,2,c2bdfd209d5de7f64b2aa59df81206b0f4166591639948b2156962ce9feef704
src/content/c9/c9.2.mdx,lesson,235,4768,full-file pattern screen; contextual review of selected candidates and openings,AS-056,1,0097e9b9e0193802a10e8ec4c5545ff3a387b5a206c4522a7d63553e89222d0f
src/content/c9/c9.2.quiz.mdx,quiz,290,5040,full-file pattern screen; contextual review of selected candidates and openings,AS-002,1,e67cc140cf81551a7b664dc571c9d941b221cdc9b1c3d89a6db94d8d92ac735a
src/content/c9/c9.3.mdx,lesson,220,4572,full-file pattern screen; contextual review of selected candidates and openings,AS-057;AS-058,2,99ad4cae0ff1d1f9e59da0bea7ecf24696a125197c456ee005386e24134bf1d6
src/content/c9/c9.3.quiz.mdx,quiz,291,4748,full-file pattern screen; contextual review of selected candidates and openings,AS-002,1,27d8717665c98108d5bdedcddd2b4839882bbe0bb3e05f0321b26a1f28077a77
